"serial","father","child","depth","access"
"url_0","child input","https://www.python.org","0","True"
"url_1","https://www.python.org","https://www.python.org/jobs/feed/rss","1","True"
"url_2","https://www.python.org","https://feeds.feedburner.com/PythonSoftwareFoundationNews","1","True"
"url_3","https://www.python.org","https://feeds.feedburner.com/PythonInsider","1","True"
"url_4","https://www.python.org","http://browsehappy.com","1","True"
"url_5","https://www.python.org","https://www.python.org/psf","1","True"
"url_6","https://www.python.org","https://www.python.org/jobs","1","True"
"url_7","https://www.python.org","https://www.python.org/community","1","True"
"url_8","https://www.python.org","https://www.linkedin.com/company/python-software-foundation","1","True"
"url_9","https://www.python.org","https://www.python.org/community/irc","1","True"
"url_10","https://www.python.org","https://twitter.com/ThePSF","1","True"
"url_11","https://www.python.org","https://www.python.org/about","1","True"
"url_12","https://www.python.org","https://www.python.org/about/apps","1","True"
"url_13","https://www.python.org","https://www.python.org/about/quotes","1","True"
"url_14","https://www.python.org","https://www.python.org/about/gettingstarted","1","True"
"url_15","https://www.python.org","https://www.python.org/about/help","1","True"
"url_16","https://www.python.org","https://www.python.org/downloads","1","True"
"url_17","https://www.python.org","https://www.python.org/downloads/source","1","True"
"url_18","https://www.python.org","https://www.python.org/downloads/windows","1","True"
"url_19","https://www.python.org","https://www.python.org/downloads/macos","1","True"
"url_20","https://www.python.org","https://www.python.org/download/other","1","True"
"url_21","https://www.python.org","https://www.python.org/download/alternatives","1","True"
"url_22","https://www.python.org","https://www.python.org/doc","1","True"
"url_23","https://www.python.org","https://www.python.org/doc/essays","1","True"
"url_24","https://www.python.org","https://www.python.org/community/diversity","1","True"
"url_25","https://www.python.org","https://www.python.org/community/lists","1","True"
"url_26","https://www.python.org","https://www.python.org/community/forums","1","True"
"url_27","https://www.python.org","https://www.python.org/psf/annual-report/2021","1","True"
"url_28","https://www.python.org","https://www.python.org/community/workshops","1","True"
"url_29","https://www.python.org","https://www.python.org/community/sigs","1","True"
"url_30","https://www.python.org","https://www.python.org/community/logos","1","True"
"url_31","https://www.python.org","https://www.python.org/psf/conduct","1","True"
"url_32","https://www.python.org","https://www.python.org/community/awards","1","True"
"url_33","https://www.python.org","https://www.python.org/psf/get-involved","1","True"
"url_34","https://www.python.org","https://www.python.org/psf/community-stories","1","True"
"url_35","https://www.python.org","https://www.python.org/success-stories","1","True"
"url_36","https://www.python.org","https://www.python.org/success-stories/category/arts","1","True"
"url_37","https://www.python.org","https://www.python.org/success-stories/category/business","1","True"
"url_38","https://www.python.org","https://www.python.org/success-stories/category/education","1","True"
"url_39","https://www.python.org","https://www.python.org/success-stories/category/engineering","1","True"
"url_40","https://www.python.org","https://www.python.org/success-stories/category/government","1","True"
"url_41","https://www.python.org","https://www.python.org/success-stories/category/scientific","1","True"
"url_42","https://www.python.org","https://www.python.org/success-stories/category/software-development","1","True"
"url_43","https://www.python.org","https://www.python.org/blogs","1","True"
"url_44","https://www.python.org","https://www.python.org/psf/newsletter","1","True"
"url_45","https://www.python.org","http://pyfound.blogspot.com","1","True"
"url_46","https://www.python.org","http://pycon.blogspot.com","1","True"
"url_47","https://www.python.org","https://www.python.org/events","1","True"
"url_48","https://www.python.org","https://www.python.org/events/python-events","1","True"
"url_49","https://www.python.org","https://www.python.org/events/python-user-group","1","True"
"url_50","https://www.python.org","https://www.python.org/events/python-events/past","1","True"
"url_51","https://www.python.org","https://www.python.org/events/python-user-group/past","1","True"
"url_52","https://www.python.org","https://www.python.org/shell","1","True"
"url_53","https://www.python.org","https://www.python.org/downloads/release/python-3134","1","True"
"url_54","https://www.python.org","https://pythoninsider.blogspot.com/2025/06/python-3134-31211-31113-31018-and-3923.html","1","True"
"url_55","https://www.python.org","https://pythoninsider.blogspot.com/2025/05/python-3140-beta-2-is-here.html","1","True"
"url_56","https://www.python.org","https://pythoninsider.blogspot.com/2025/05/python-3140-beta-1-is-here.html","1","True"
"url_57","https://www.python.org","https://pyfound.blogspot.com/2025/05/announcing-python-software-foundation.html","1","True"
"url_58","https://www.python.org","https://pyfound.blogspot.com/2025/05/a-thank-you-to-oregon-state-university.html","1","True"
"url_59","https://www.python.org","https://www.python.org/events/calendars","1","True"
"url_60","https://www.python.org","https://www.python.org/events/python-user-group/2014","1","True"
"url_61","https://www.python.org","https://www.python.org/events/python-events/2012","1","True"
"url_62","https://www.python.org","https://www.python.org/events/python-user-group/2035","1","True"
"url_63","https://www.python.org","https://www.python.org/events/python-events/1987","1","True"
"url_64","https://www.python.org","https://www.python.org/events/python-user-group/1997","1","True"
"url_65","https://www.python.org","https://www.python.org/success-stories/python-for-financial-machine-learning-at-union-investment","1","True"
"url_66","https://www.python.org","http://www.djangoproject.com","1","True"
"url_67","https://www.python.org","http://www.web2py.com","1","True"
"url_68","https://www.python.org","http://www.riverbankcomputing.co.uk/software/pyqt/intro","1","True"
"url_69","https://www.python.org","https://dearpygui.readthedocs.io/en/latest","1","True"
"url_70","https://www.python.org","http://roundup.sourceforge.net","1","True"
"url_71","https://www.python.org","http://www.ansible.com","1","True"
"url_72","https://www.python.org","https://xon.sh","1","True"
"url_73","https://www.python.org","https://www.python.org/psf/membership","1","True"
"url_74","https://www.python.org","https://www.python.org/psf/donations","1","True"
"url_75","https://www.python.org","https://www.python.org/dev","1","True"
"url_76","https://www.python.org","https://www.python.org/dev/core-mentorship","1","True"
"url_77","https://www.python.org","https://www.python.org/dev/security","1","True"
"url_78","https://www.python.org","https://www.python.org/psf-landing","1","True"
"url_79","https://www.python.org","https://www.python.org/about/legal","1","True"
"url_80","https://www.python.org","https://www.python.org/psf/community-infrastructure","1","False"
"url_81","http://browsehappy.com","https://browsehappy.com","2","True"
"url_82","https://pythoninsider.blogspot.com/2025/06/python-3134-31211-31113-31018-and-3923.html","https://www.cve.org/CVERecord","2","True"
"url_83","https://pythoninsider.blogspot.com/2025/06/python-3134-31211-31113-31018-and-3923.html","https://www.python.org/downloads/release/python-31211","2","True"
"url_84","https://pythoninsider.blogspot.com/2025/06/python-3134-31211-31113-31018-and-3923.html","https://www.python.org/downloads/release/python-31113","2","True"
"url_85","https://pythoninsider.blogspot.com/2025/06/python-3134-31211-31113-31018-and-3923.html","https://www.python.org/downloads/release/python-31018","2","True"
"url_86","https://pythoninsider.blogspot.com/2025/06/python-3134-31211-31113-31018-and-3923.html","https://www.python.org/downloads/release/python-3923","2","True"
"url_87","https://pythoninsider.blogspot.com/2025/06/python-3134-31211-31113-31018-and-3923.html","http://twitter.com/PythonInsider","2","True"
"url_88","https://pythoninsider.blogspot.com/2025/06/python-3134-31211-31113-31018-and-3923.html","http://creativecommons.org/licenses/by-nc-sa/3.0","2","True"
"url_89","https://pythoninsider.blogspot.com/2025/05/python-3140-beta-2-is-here.html","https://www.python.org/downloads/release/python-3140b2","2","True"
"url_90","https://pythoninsider.blogspot.com/2025/05/python-3140-beta-2-is-here.html","https://www.python.org/ftp/python/pymanager","2","True"
"url_91","https://pythoninsider.blogspot.com/2025/05/python-3140-beta-2-is-here.html","https://www.biodiversitylibrary.org/page/14641808","2","True"
"url_92","https://pythoninsider.blogspot.com/2025/05/python-3140-beta-1-is-here.html","https://www.python.org/downloads/release/python-3140b1","2","True"
"url_93","https://pythoninsider.blogspot.com/2025/05/python-3140-beta-1-is-here.html","https://archive.org/details/SynopsisPalmariorumMatheseosOrANewIntroductionToTheMathematics/page/n261/mode/1up","2","True"
"url_94","https://pythoninsider.blogspot.com/2025/05/python-3140-beta-1-is-here.html","https://archive.org/details/SynopsisPalmariorumMatheseosOrANewIntroductionToTheMathematics/page/n283/mode/1up","2","True"
"url_95","https://pythoninsider.blogspot.com/2025/05/python-3140-beta-1-is-here.html","https://www.tauday.com","2","True"
"url_96","https://pyfound.blogspot.com/2025/05/announcing-python-software-foundation.html","https://pyfound.blogspot.com/feeds/posts/default","2","True"
"url_97","https://pyfound.blogspot.com/2025/05/announcing-python-software-foundation.html","https://www.blogger.com/feeds/8520/posts/default","2","True"
"url_98","https://pyfound.blogspot.com/2025/05/announcing-python-software-foundation.html","http://www.aidisstukas.com","2","True"
"url_99","https://pyfound.blogspot.com/2025/05/announcing-python-software-foundation.html","https://www.linkedin.com/in/aidis-stukas-2895b68","2","True"
"url_100","https://pyfound.blogspot.com/2025/05/announcing-python-software-foundation.html","https://x.com/aidisstukas","2","False"
"url_101","https://pyfound.blogspot.com/2025/05/announcing-python-software-foundation.html","https://x.com/charliermarsh","2","False"
"url_102","https://pyfound.blogspot.com/2025/05/announcing-python-software-foundation.html","https://x.com/felipedemorais_","2","False"
"url_103","https://pyfound.blogspot.com/2025/05/announcing-python-software-foundation.html","https://www.linkedin.com/in/felipe-de-morais","2","True"
"url_104","https://pyfound.blogspot.com/2025/05/announcing-python-software-foundation.html","https://www.revsys.com","2","True"
"url_105","https://pyfound.blogspot.com/2025/05/announcing-python-software-foundation.html","https://www.jonafato.com","2","True"
"url_106","https://pyfound.blogspot.com/2025/05/announcing-python-software-foundation.html","https://x.com/lecovi","2","False"
"url_107","https://pyfound.blogspot.com/2025/05/announcing-python-software-foundation.html","https://instagram.com/lecovi","2","True"
"url_108","https://pyfound.blogspot.com/2025/05/announcing-python-software-foundation.html","https://www.linkedin.com/in/tereza-iofciu","2","True"
"url_109","https://pyfound.blogspot.com/2025/05/announcing-python-software-foundation.html","https://www.linkedin.com/in/veldakiara","2","True"
"url_110","https://pyfound.blogspot.com/2025/05/announcing-python-software-foundation.html","https://x.com/VeldaKiara","2","False"
"url_111","https://pyfound.blogspot.com/2025/05/announcing-python-software-foundation.html","https://www.python.org/psf/fellows-roster","2","True"
"url_112","https://pyfound.blogspot.com/2025/05/announcing-python-software-foundation.html","https://www.python.org/psf/fellows","2","True"
"url_113","http://www.djangoproject.com","https://www.djangoproject.com","2","True"
"url_114","http://www.djangoproject.com","https://www.djangoproject.com/start/overview","2","True"
"url_115","http://www.djangoproject.com","https://www.djangoproject.com/download","2","True"
"url_116","http://www.djangoproject.com","https://www.djangoproject.com/weblog","2","True"
"url_117","http://www.djangoproject.com","https://www.djangoproject.com/community","2","True"
"url_118","http://www.djangoproject.com","https://www.djangoproject.com/foundation","2","True"
"url_119","http://www.djangoproject.com","https://www.djangoproject.com/fundraising","2","True"
"url_120","http://www.djangoproject.com","https://www.djangoproject.com/start","2","True"
"url_121","http://www.djangoproject.com","https://forum.djangoproject.com","2","True"
"url_122","http://www.djangoproject.com","https://www.djangoproject.com/weblog/2025/may/22/why-need-3rd-party-app-rest-api-with-django","2","True"
"url_123","http://www.djangoproject.com","https://www.djangoproject.com/weblog/2025/may/16/our-google-summer-of-code-2025-contributors","2","True"
"url_124","http://www.djangoproject.com","https://dashboard.djangoproject.com","2","True"
"url_125","http://www.djangoproject.com","http://www.djangoproject.com/foundation","2","True"
"url_126","http://www.djangoproject.com","http://www.djangoproject.com/foundation/donate","2","True"
"url_127","http://www.djangoproject.com","http://www.djangoproject.com/contact/foundation","2","True"
"url_128","http://www.djangoproject.com","https://www.djangoproject.com/conduct","2","True"
"url_129","http://www.djangoproject.com","https://www.djangoproject.com/diversity","2","True"
"url_130","http://www.djangoproject.com","https://www.djangoproject.com/foundation/individual-members","2","True"
"url_131","http://www.djangoproject.com","https://twitter.com/djangoproject","2","True"
"url_132","http://www.djangoproject.com","https://www.djangoproject.com/rss/weblog","2","True"
"url_133","http://www.djangoproject.com","http://www.djangoproject.com/foundation/corporate-membership","2","True"
"url_134","http://www.djangoproject.com","https://www.threespot.com","2","True"
"url_135","http://www.djangoproject.com","http://andrevv.com","2","True"
"url_136","http://www.djangoproject.com","https://www.djangoproject.com/trademarks","2","True"
"url_137","https://xon.sh","https://xon.sh/contents.html","2","True"
"url_138","https://xon.sh","https://xon.sh/tutorial.html","2","True"
"url_139","https://xon.sh","https://xon.sh/packages.html","2","True"
"url_140","https://xon.sh","https://xon.sh/appimage.html","2","True"
"url_141","https://xon.sh","https://hub.docker.com/u/xonsh","2","True"
"url_142","https://xon.sh","https://en.wikipedia.org/wiki/Rolling_release","2","True"
"url_143","https://xon.sh","https://analyticsindiamag.com/top-10-trending-python-projects-on-github-2020","2","True"
"url_144","https://xon.sh","https://www.youtube.com/watch","2","True"
"url_145","https://xon.sh","https://xonsh.zulipchat.com/join/hbvue5rimpdkwkdjuiqfs7tv","2","True"
"url_146","https://xon.sh","http://www.oftc.net","2","True"
"url_147","https://xon.sh","https://xon.sh/tutorial_xontrib.html","2","True"
"url_148","https://xon.sh","https://xon.sh/devguide.html","2","True"
"url_149","https://browsehappy.com","https://browsehappy.com/wp-json","3","True"
"url_150","https://browsehappy.com","https://www.google.com/chrome","3","True"
"url_151","https://browsehappy.com","https://www.mozilla.org/firefox","3","True"
"url_152","https://browsehappy.com","https://www.apple.com/safari","3","True"
"url_153","https://browsehappy.com","https://vivaldi.com","3","True"
"url_154","https://browsehappy.com","https://www.microsoft.com/edge","3","True"
"url_155","https://browsehappy.com","https://brave.com","3","True"
"url_156","http://creativecommons.org/licenses/by-nc-sa/3.0","https://creativecommons.org/licenses/by-nc-sa/3.0","3","True"
"url_157","https://www.biodiversitylibrary.org/page/14641808","https://about.biodiversitylibrary.org/help","3","True"
"url_158","https://www.biodiversitylibrary.org/page/14641808","https://about.biodiversitylibrary.org/help/faq","3","True"
"url_159","https://www.biodiversitylibrary.org/page/14641808","https://www.biodiversitylibrary.org/contact","3","True"
"url_160","https://www.biodiversitylibrary.org/page/14641808","https://about.biodiversitylibrary.org/ufaqs/how-do-i-search-the-bhl-collection","3","True"
"url_161","https://www.biodiversitylibrary.org/page/14641808","https://www.biodiversitylibrary.org/advsearch","3","True"
"url_162","https://www.biodiversitylibrary.org/page/14641808","https://www.biodiversitylibrary.org/bibliography/8232","3","True"
"url_163","https://www.biodiversitylibrary.org/page/14641808","https://www.archive.org/details/proceedingsofind1916indi","3","True"
"url_164","https://www.biodiversitylibrary.org/page/14641808","https://www.biodiversitylibrary.org/itempdf/50917","3","True"
"url_165","https://www.biodiversitylibrary.org/page/14641808","https://www.archive.org/download/proceedingsofind1916indi","3","True"
"url_166","https://www.biodiversitylibrary.org/page/14641808","https://www.biodiversitylibrary.org/itemimages/50917","3","True"
"url_167","https://www.biodiversitylibrary.org/page/14641808","https://www.biodiversitylibrary.org/itemtext/50917","3","True"
"url_168","https://www.biodiversitylibrary.org/page/14641808","https://www.biodiversitylibrary.org/item/50917","3","True"
"url_169","https://www.biodiversitylibrary.org/page/14641808","https://www.biodiversitylibrary.org/creator/7111","3","True"
"url_170","https://www.biodiversitylibrary.org/page/14641808","https://www.biodiversitylibrary.org/creator/36959","3","True"
"url_171","https://www.biodiversitylibrary.org/page/14641808","https://www.nybg.org/learn/mertz-library","3","True"
"url_172","https://www.biodiversitylibrary.org/page/14641808","https://www.biodiversitylibrary.org/permissions","3","True"
"url_173","https://www.biodiversitylibrary.org/page/14641808","https://library.si.edu/bhl-newsletter-signup","3","True"
"url_174","https://www.biodiversitylibrary.org/page/14641808","https://library.si.edu/donate-bhl","3","True"
"url_175","https://www.biodiversitylibrary.org/page/14641808","https://www.biodiversitylibrary.org/collection/darwinlibrary","3","True"
"url_176","https://www.biodiversitylibrary.org/page/14641808","https://www.biodiversitylibrary.org/browse/collection/darwinlibrary","3","True"
"url_177","https://archive.org/details/SynopsisPalmariorumMatheseosOrANewIntroductionToTheMathematics/page/n261/mode/1up","https://archive.org/details/SynopsisPalmariorumMatheseosOrANewIntroductionToTheMathematics","3","True"
"url_178","https://archive.org/details/SynopsisPalmariorumMatheseosOrANewIntroductionToTheMathematics/page/n261/mode/1up","https://archive.org/details/texts","3","True"
"url_179","https://archive.org/details/SynopsisPalmariorumMatheseosOrANewIntroductionToTheMathematics/page/n261/mode/1up","https://archive.org/details/movies","3","True"
"url_180","https://archive.org/details/SynopsisPalmariorumMatheseosOrANewIntroductionToTheMathematics/page/n261/mode/1up","https://archive.org/details/audio","3","True"
"url_181","https://archive.org/details/SynopsisPalmariorumMatheseosOrANewIntroductionToTheMathematics/page/n261/mode/1up","https://archive.org/details/software","3","True"
"url_182","https://archive.org/details/SynopsisPalmariorumMatheseosOrANewIntroductionToTheMathematics/page/n261/mode/1up","https://archive.org/details/image","3","True"
"url_183","https://archive.org/details/SynopsisPalmariorumMatheseosOrANewIntroductionToTheMathematics/page/n261/mode/1up","https://archive.org/donate","3","True"
"url_184","https://archive.org/details/SynopsisPalmariorumMatheseosOrANewIntroductionToTheMathematics/page/n261/mode/1up","https://archive.org/about","3","True"
"url_185","https://archive.org/details/SynopsisPalmariorumMatheseosOrANewIntroductionToTheMathematics/page/n261/mode/1up","https://archive.org/account/signup","3","True"
"url_186","https://archive.org/details/SynopsisPalmariorumMatheseosOrANewIntroductionToTheMathematics/page/n261/mode/1up","https://archive.org/account/login","3","True"
"url_187","https://archive.org/details/SynopsisPalmariorumMatheseosOrANewIntroductionToTheMathematics/page/n261/mode/1up","https://archive.org/create","3","True"
"url_188","https://archive.org/details/SynopsisPalmariorumMatheseosOrANewIntroductionToTheMathematics/page/n261/mode/1up","https://archive.org/details/etree","3","True"
"url_189","https://archive.org/details/SynopsisPalmariorumMatheseosOrANewIntroductionToTheMathematics/page/n261/mode/1up","https://archive.org/details/librivoxaudio","3","True"
"url_190","https://archive.org/details/SynopsisPalmariorumMatheseosOrANewIntroductionToTheMathematics/page/n261/mode/1up","https://archive.org/details/GratefulDead","3","True"
"url_191","https://archive.org/details/SynopsisPalmariorumMatheseosOrANewIntroductionToTheMathematics/page/n261/mode/1up","https://archive.org/details/netlabels","3","True"
"url_192","https://archive.org/details/SynopsisPalmariorumMatheseosOrANewIntroductionToTheMathematics/page/n261/mode/1up","https://archive.org/details/oldtimeradio","3","True"
"url_193","https://archive.org/details/SynopsisPalmariorumMatheseosOrANewIntroductionToTheMathematics/page/n261/mode/1up","https://archive.org/details/78rpm","3","True"
"url_194","https://archive.org/details/SynopsisPalmariorumMatheseosOrANewIntroductionToTheMathematics/page/n261/mode/1up","https://archive.org/details/audio_bookspoetry","3","True"
"url_195","https://archive.org/details/SynopsisPalmariorumMatheseosOrANewIntroductionToTheMathematics/page/n261/mode/1up","https://archive.org/details/audio_tech","3","True"
"url_196","https://archive.org/details/SynopsisPalmariorumMatheseosOrANewIntroductionToTheMathematics/page/n261/mode/1up","https://archive.org/details/audio_music","3","True"
"url_197","https://archive.org/details/SynopsisPalmariorumMatheseosOrANewIntroductionToTheMathematics/page/n261/mode/1up","https://archive.org/details/audio_news","3","True"
"url_198","https://archive.org/details/SynopsisPalmariorumMatheseosOrANewIntroductionToTheMathematics/page/n261/mode/1up","https://archive.org/details/audio_religion","3","True"
"url_199","https://archive.org/details/SynopsisPalmariorumMatheseosOrANewIntroductionToTheMathematics/page/n261/mode/1up","https://archive.org/details/podcasts","3","True"
"url_200","https://archive.org/details/SynopsisPalmariorumMatheseosOrANewIntroductionToTheMathematics/page/n261/mode/1up","https://archive.org/details/radio","3","True"
"url_201","https://archive.org/details/SynopsisPalmariorumMatheseosOrANewIntroductionToTheMathematics/page/n261/mode/1up","https://archive.org/details/metropolitanmuseumofart-gallery","3","True"
"url_202","https://archive.org/details/SynopsisPalmariorumMatheseosOrANewIntroductionToTheMathematics/page/n261/mode/1up","https://archive.org/details/clevelandart","3","True"
"url_203","https://archive.org/details/SynopsisPalmariorumMatheseosOrANewIntroductionToTheMathematics/page/n261/mode/1up","https://archive.org/details/flickrcommons","3","True"
"url_204","https://archive.org/details/SynopsisPalmariorumMatheseosOrANewIntroductionToTheMathematics/page/n261/mode/1up","https://archive.org/details/flickr-ows","3","True"
"url_205","https://archive.org/details/SynopsisPalmariorumMatheseosOrANewIntroductionToTheMathematics/page/n261/mode/1up","https://archive.org/details/coverartarchive","3","True"
"url_206","https://archive.org/details/SynopsisPalmariorumMatheseosOrANewIntroductionToTheMathematics/page/n261/mode/1up","https://archive.org/details/maps_usgs","3","True"
"url_207","https://archive.org/details/SynopsisPalmariorumMatheseosOrANewIntroductionToTheMathematics/page/n261/mode/1up","https://archive.org/details/nasa","3","True"
"url_208","https://archive.org/details/SynopsisPalmariorumMatheseosOrANewIntroductionToTheMathematics/page/n261/mode/1up","https://archive.org/details/solarsystemcollection","3","True"
"url_209","https://archive.org/details/SynopsisPalmariorumMatheseosOrANewIntroductionToTheMathematics/page/n261/mode/1up","https://archive.org/details/amesresearchcenterimagelibrary","3","True"
"url_210","https://archive.org/details/SynopsisPalmariorumMatheseosOrANewIntroductionToTheMathematics/page/n261/mode/1up","https://archive.org/details/internetarcade","3","True"
"url_211","https://archive.org/details/SynopsisPalmariorumMatheseosOrANewIntroductionToTheMathematics/page/n261/mode/1up","https://archive.org/details/consolelivingroom","3","True"
"url_212","https://archive.org/details/SynopsisPalmariorumMatheseosOrANewIntroductionToTheMathematics/page/n261/mode/1up","https://archive.org/details/tosec","3","True"
"url_213","https://archive.org/details/SynopsisPalmariorumMatheseosOrANewIntroductionToTheMathematics/page/n261/mode/1up","https://archive.org/details/softwarelibrary_msdos_games","3","True"
"url_214","https://archive.org/details/SynopsisPalmariorumMatheseosOrANewIntroductionToTheMathematics/page/n261/mode/1up","https://archive.org/details/historicalsoftware","3","True"
"url_215","https://archive.org/details/SynopsisPalmariorumMatheseosOrANewIntroductionToTheMathematics/page/n261/mode/1up","https://archive.org/details/classicpcgames","3","True"
"url_216","https://archive.org/details/SynopsisPalmariorumMatheseosOrANewIntroductionToTheMathematics/page/n261/mode/1up","https://archive.org/details/softwarelibrary","3","True"
"url_217","https://archive.org/details/SynopsisPalmariorumMatheseosOrANewIntroductionToTheMathematics/page/n261/mode/1up","https://archive.org/details/kodi_archive","3","True"
"url_218","https://archive.org/details/SynopsisPalmariorumMatheseosOrANewIntroductionToTheMathematics/page/n261/mode/1up","https://archive.org/details/vintagesoftware","3","True"
"url_219","https://archive.org/details/SynopsisPalmariorumMatheseosOrANewIntroductionToTheMathematics/page/n261/mode/1up","https://archive.org/details/apkarchive","3","True"
"url_220","https://archive.org/details/SynopsisPalmariorumMatheseosOrANewIntroductionToTheMathematics/page/n261/mode/1up","https://archive.org/details/softwarelibrary_msdos","3","True"
"url_221","https://archive.org/details/SynopsisPalmariorumMatheseosOrANewIntroductionToTheMathematics/page/n261/mode/1up","https://archive.org/details/cd-roms","3","True"
"url_222","https://archive.org/details/SynopsisPalmariorumMatheseosOrANewIntroductionToTheMathematics/page/n261/mode/1up","https://archive.org/details/cdromsoftware","3","True"
"url_223","https://archive.org/details/SynopsisPalmariorumMatheseosOrANewIntroductionToTheMathematics/page/n261/mode/1up","https://archive.org/details/softwaresites","3","True"
"url_224","https://archive.org/details/SynopsisPalmariorumMatheseosOrANewIntroductionToTheMathematics/page/n261/mode/1up","https://archive.org/details/tucows","3","True"
"url_225","https://archive.org/details/SynopsisPalmariorumMatheseosOrANewIntroductionToTheMathematics/page/n261/mode/1up","https://archive.org/details/cdbbsarchive","3","True"
"url_226","https://archive.org/details/SynopsisPalmariorumMatheseosOrANewIntroductionToTheMathematics/page/n261/mode/1up","https://archive.org/details/softwarecapsules","3","True"
"url_227","https://archive.org/details/SynopsisPalmariorumMatheseosOrANewIntroductionToTheMathematics/page/n261/mode/1up","https://archive.org/details/cdromimages","3","True"
"url_228","https://archive.org/details/SynopsisPalmariorumMatheseosOrANewIntroductionToTheMathematics/page/n261/mode/1up","https://archive.org/details/softwarelibrary_zx_spectrum","3","True"
"url_229","https://archive.org/details/SynopsisPalmariorumMatheseosOrANewIntroductionToTheMathematics/page/n261/mode/1up","https://archive.org/details/doom-cds","3","True"
"url_230","https://archive.org/details/SynopsisPalmariorumMatheseosOrANewIntroductionToTheMathematics/page/n261/mode/1up","https://archive.org/details/americana","3","True"
"url_231","https://archive.org/details/SynopsisPalmariorumMatheseosOrANewIntroductionToTheMathematics/page/n261/mode/1up","https://archive.org/details/smithsonian","3","True"
"url_232","https://archive.org/details/SynopsisPalmariorumMatheseosOrANewIntroductionToTheMathematics/page/n261/mode/1up","https://archive.org/details/fedlink","3","True"
"url_233","https://archive.org/details/SynopsisPalmariorumMatheseosOrANewIntroductionToTheMathematics/page/n261/mode/1up","https://archive.org/details/genealogy","3","True"
"url_234","https://archive.org/details/SynopsisPalmariorumMatheseosOrANewIntroductionToTheMathematics/page/n261/mode/1up","https://archive.org/details/lincolncollection","3","True"
"url_235","https://archive.org/details/SynopsisPalmariorumMatheseosOrANewIntroductionToTheMathematics/page/n261/mode/1up","https://archive.org/details/toronto","3","True"
"url_236","https://archive.org/details/SynopsisPalmariorumMatheseosOrANewIntroductionToTheMathematics/page/n261/mode/1up","https://archive.org/details/universallibrary","3","True"
"url_237","https://archive.org/details/SynopsisPalmariorumMatheseosOrANewIntroductionToTheMathematics/page/n261/mode/1up","https://archive.org/details/gutenberg","3","True"
"url_238","https://archive.org/details/SynopsisPalmariorumMatheseosOrANewIntroductionToTheMathematics/page/n261/mode/1up","https://archive.org/details/iacl","3","True"
"url_239","https://archive.org/details/SynopsisPalmariorumMatheseosOrANewIntroductionToTheMathematics/page/n261/mode/1up","https://archive.org/details/biodiversity","3","True"
"url_240","https://archive.org/details/SynopsisPalmariorumMatheseosOrANewIntroductionToTheMathematics/page/n261/mode/1up","https://archive.org/details/booksbylanguage","3","True"
"url_241","https://archive.org/details/SynopsisPalmariorumMatheseosOrANewIntroductionToTheMathematics/page/n261/mode/1up","https://archive.org/details/additional_collections","3","True"
"url_242","https://archive.org/details/SynopsisPalmariorumMatheseosOrANewIntroductionToTheMathematics/page/n261/mode/1up","https://archive.org/details/911","3","True"
"url_243","https://archive.org/details/SynopsisPalmariorumMatheseosOrANewIntroductionToTheMathematics/page/n261/mode/1up","https://archive.org/details/prelinger","3","True"
"url_244","https://archive.org/details/SynopsisPalmariorumMatheseosOrANewIntroductionToTheMathematics/page/n261/mode/1up","https://archive.org/details/democracy_now_vid","3","True"
"url_245","https://archive.org/details/SynopsisPalmariorumMatheseosOrANewIntroductionToTheMathematics/page/n261/mode/1up","https://archive.org/details/occupywallstreet","3","True"
"url_246","https://archive.org/details/SynopsisPalmariorumMatheseosOrANewIntroductionToTheMathematics/page/n261/mode/1up","https://archive.org/details/nsa","3","True"
"url_247","https://archive.org/details/SynopsisPalmariorumMatheseosOrANewIntroductionToTheMathematics/page/n261/mode/1up","https://archive.org/details/animationandcartoons","3","True"
"url_248","https://archive.org/details/SynopsisPalmariorumMatheseosOrANewIntroductionToTheMathematics/page/n261/mode/1up","https://archive.org/details/artsandmusicvideos","3","True"
"url_249","https://archive.org/details/SynopsisPalmariorumMatheseosOrANewIntroductionToTheMathematics/page/n261/mode/1up","https://archive.org/details/computersandtechvideos","3","True"
"url_250","https://archive.org/details/SynopsisPalmariorumMatheseosOrANewIntroductionToTheMathematics/page/n261/mode/1up","https://archive.org/details/culturalandacademicfilms","3","True"
"url_251","https://archive.org/details/SynopsisPalmariorumMatheseosOrANewIntroductionToTheMathematics/page/n261/mode/1up","https://archive.org/details/ephemera","3","True"
"url_252","https://archive.org/details/SynopsisPalmariorumMatheseosOrANewIntroductionToTheMathematics/page/n261/mode/1up","https://archive.org/details/moviesandfilms","3","True"
"url_253","https://archive.org/details/SynopsisPalmariorumMatheseosOrANewIntroductionToTheMathematics/page/n261/mode/1up","https://archive.org/details/newsandpublicaffairs","3","True"
"url_254","https://archive.org/details/SynopsisPalmariorumMatheseosOrANewIntroductionToTheMathematics/page/n261/mode/1up","https://archive.org/details/spiritualityandreligion","3","True"
"url_255","https://archive.org/details/SynopsisPalmariorumMatheseosOrANewIntroductionToTheMathematics/page/n261/mode/1up","https://archive.org/details/sports","3","True"
"url_256","https://archive.org/details/SynopsisPalmariorumMatheseosOrANewIntroductionToTheMathematics/page/n261/mode/1up","https://archive.org/details/television","3","True"
"url_257","https://archive.org/details/SynopsisPalmariorumMatheseosOrANewIntroductionToTheMathematics/page/n261/mode/1up","https://archive.org/details/gamevideos","3","True"
"url_258","https://archive.org/details/SynopsisPalmariorumMatheseosOrANewIntroductionToTheMathematics/page/n261/mode/1up","https://archive.org/details/vlogs","3","True"
"url_259","https://archive.org/details/SynopsisPalmariorumMatheseosOrANewIntroductionToTheMathematics/page/n261/mode/1up","https://archive.org/details/youth_media","3","True"
"url_260","https://archive.org/details/SynopsisPalmariorumMatheseosOrANewIntroductionToTheMathematics/page/n261/mode/1up","https://microsoftedge.microsoft.com/addons/detail/wayback-machine/kjmickeoogghaimmomagaghnogelpcpn","3","True"
"url_261","https://archive.org/details/SynopsisPalmariorumMatheseosOrANewIntroductionToTheMathematics/page/n261/mode/1up","https://www.archive-it.org/explore","3","True"
"url_262","https://archive.org/details/SynopsisPalmariorumMatheseosOrANewIntroductionToTheMathematics/page/n261/mode/1up","https://www.archive-it.org/blog/learn-more","3","True"
"url_263","https://archive.org/details/SynopsisPalmariorumMatheseosOrANewIntroductionToTheMathematics/page/n261/mode/1up","https://www.archive-it.org/contact-us","3","True"
"url_264","https://archive.org/details/SynopsisPalmariorumMatheseosOrANewIntroductionToTheMathematics/page/n261/mode/1up","https://archive.org/projects","3","True"
"url_265","https://archive.org/details/SynopsisPalmariorumMatheseosOrANewIntroductionToTheMathematics/page/n261/mode/1up","https://archive.org/about/contact","3","True"
"url_266","https://archive.org/details/SynopsisPalmariorumMatheseosOrANewIntroductionToTheMathematics/page/n261/mode/1up","https://archive.org/about/jobs","3","True"
"url_267","https://archive.org/details/SynopsisPalmariorumMatheseosOrANewIntroductionToTheMathematics/page/n261/mode/1up","https://archive.org/about/volunteer-positions","3","True"
"url_268","https://archive.org/details/SynopsisPalmariorumMatheseosOrANewIntroductionToTheMathematics/page/n261/mode/1up","https://archive.org/about/bios","3","True"
"url_269","https://archive.org/details/SynopsisPalmariorumMatheseosOrANewIntroductionToTheMathematics/page/n261/mode/1up","https://archive.org/services/img/SynopsisPalmariorumMatheseosOrANewIntroductionToTheMathematics","3","True"
"url_270","https://archive.org/details/SynopsisPalmariorumMatheseosOrANewIntroductionToTheMathematics/page/n261/mode/1up","https://archive.org/details/SynopsisPalmariorumMatheseosOrANewIntroductionToTheMathematics/Synopsis_Palmariorum_Matheseos","3","True"
"url_271","https://archive.org/details/SynopsisPalmariorumMatheseosOrANewIntroductionToTheMathematics/page/n261/mode/1up","http://creativecommons.org/publicdomain/zero/1.0","3","True"
"url_272","https://archive.org/details/SynopsisPalmariorumMatheseosOrANewIntroductionToTheMathematics/page/n261/mode/1up","https://archive.org/details/opensource","3","True"
"url_273","https://archive.org/details/SynopsisPalmariorumMatheseosOrANewIntroductionToTheMathematics/page/n261/mode/1up","https://archive.org/download/SynopsisPalmariorumMatheseosOrANewIntroductionToTheMathematics/Synopsis_Palmariorum_Matheseos.epub","3","True"
"url_274","https://archive.org/details/SynopsisPalmariorumMatheseosOrANewIntroductionToTheMathematics/page/n261/mode/1up","https://archive.org/download/SynopsisPalmariorumMatheseosOrANewIntroductionToTheMathematics/SynopsisPalmariorumMatheseosOrANewIntroductionToTheMathematics_archive.torrent","3","True"
"url_275","https://archive.org/details/SynopsisPalmariorumMatheseosOrANewIntroductionToTheMathematics/page/n261/mode/1up","https://archive.org/compress/SynopsisPalmariorumMatheseosOrANewIntroductionToTheMathematics","3","True"
"url_276","https://archive.org/details/SynopsisPalmariorumMatheseosOrANewIntroductionToTheMathematics/page/n261/mode/1up","https://archive.org/download/SynopsisPalmariorumMatheseosOrANewIntroductionToTheMathematics","3","True"
"url_277","https://archive.org/details/SynopsisPalmariorumMatheseosOrANewIntroductionToTheMathematics/page/n261/mode/1up","https://archive.org/about/terms","3","True"
"url_278","https://www.tauday.com","https://www.tauday.com/tau-manifesto","3","True"
"url_279","https://www.tauday.com","https://www.tauday.com/state-of-the-tau","3","True"
"url_280","https://www.tauday.com","https://www.tauday.com/a-parable","3","True"
"url_281","https://www.tauday.com","https://www.tauday.com/propaganda","3","True"
"url_282","https://www.tauday.com","https://www.tauday.com/a-tau-testimonial","3","True"
"url_283","https://www.tauday.com","https://www.tauday.com/tau-digits","3","True"
"url_284","https://www.tauday.com","https://www.tauday.com/el-manifiesto-tau","3","True"
"url_285","https://www.tauday.com","https://www.tauday.com/le-manifeste-de-tau","3","True"
"url_286","https://www.tauday.com","https://www.tauday.com/il-tau-manifesto","3","True"
"url_287","https://www.tauday.com","https://www.tauday.com/o-manifesto-tau","3","True"
"url_288","https://www.tauday.com","https://www.tauday.com/das-tau-manifest","3","True"
"url_289","https://www.tauday.com","https://www.tauday.com/tau-manifesto-ru","3","True"
"url_290","https://www.tauday.com","https://www.tauday.com/tau-manifesto-cn","3","True"
"url_291","https://www.tauday.com","https://www.tauday.com/signup","3","True"
"url_292","https://www.tauday.com","https://twitter.com/share","3","True"
"url_293","https://www.tauday.com","https://www.michaelhartl.com","3","False"
"url_294","https://www.tauday.com","https://mitadmissions.org/blogs/entry/pi-day-tau-time","3","True"
"url_295","https://www.tauday.com","https://archive.fo/TrRqz","3","True"
"url_296","https://www.tauday.com","https://www.google.com/search","3","True"
"url_297","https://www.tauday.com","https://youtu.be/2hhjsSN-AiU","3","True"
"url_298","https://www.tauday.com","https://youtu.be/H69YH5TnNXI","3","True"
"url_299","https://www.tauday.com","https://youtu.be/kMtgV18Iew8","3","True"
"url_300","https://www.tauday.com","https://youtu.be/k7MuXCOlE6M","3","True"
"url_301","https://www.tauday.com","https://youtu.be/3174T-3-59Q","3","True"
"url_302","https://www.tauday.com","https://www.learnenough.com/python","3","True"
"url_303","https://www.tauday.com","https://www.learnenough.com","3","True"
"url_304","https://www.tauday.com","https://www.caltech.edu","3","True"
"url_305","https://www.tauday.com","https://www.michaelhartl.com/ascit/awards2000.html","3","False"
"url_306","https://www.tauday.com","https://www.michaelhartl.com/feynman-lectures","3","False"
"url_307","https://www.tauday.com","https://college.harvard.edu","3","True"
"url_308","https://www.tauday.com","https://ycombinator.com","3","True"
"url_309","https://www.linkedin.com/in/felipe-de-morais","https://www.linkedin.com","3","True"
"url_310","https://www.linkedin.com/in/felipe-de-morais","https://www.linkedin.com/pulse/topics/home","3","True"
"url_311","https://www.linkedin.com/in/felipe-de-morais","https://www.linkedin.com/pub/dir/+/+","3","True"
"url_312","https://www.linkedin.com/in/felipe-de-morais","https://www.linkedin.com/learning/search","3","True"
"url_313","https://www.linkedin.com/in/felipe-de-morais","https://www.linkedin.com/jobs/jobs-in-ofakim","3","True"
"url_314","https://www.linkedin.com/in/felipe-de-morais","https://www.linkedin.com/games","3","True"
"url_315","https://www.linkedin.com/in/felipe-de-morais","https://www.linkedin.com/uas/request-password-reset","3","True"
"url_316","https://www.linkedin.com/in/felipe-de-morais","https://www.linkedin.com/legal/user-agreement","3","True"
"url_317","https://www.linkedin.com/in/felipe-de-morais","https://www.linkedin.com/legal/privacy-policy","3","True"
"url_318","https://www.linkedin.com/in/felipe-de-morais","https://www.linkedin.com/legal/cookie-policy","3","True"
"url_319","https://www.linkedin.com/in/felipe-de-morais","https://www.linkedin.com/pulse/test-hi-my-first-blog-post-linkedin-felipe-de-morais-4saef","3","True"
"url_320","https://www.linkedin.com/in/felipe-de-morais","https://www.linkedin.com/posts/felipe-de-morais_python-psf-psffellow-activity-7330039788089118720-rrrd","3","True"
"url_321","https://www.linkedin.com/in/felipe-de-morais","https://www.linkedin.com/pub/dir/Felipe/de+Morais/br-0-Brazil","3","True"
"url_322","https://www.linkedin.com/in/felipe-de-morais","https://www.linkedin.com/learning/advanced-data-engineering-with-snowflake","3","True"
"url_323","https://www.linkedin.com/in/felipe-de-morais","https://www.linkedin.com/learning/learning-full-stack-javascript-development-mongodb-node-and-react-15581237","3","True"
"url_324","https://www.linkedin.com/in/felipe-de-morais","https://www.linkedin.com/learning/creating-accessible-and-inclusive-video","3","True"
"url_325","https://www.linkedin.com/in/felipe-de-morais","https://www.linkedin.com/learning","3","True"
"url_326","https://www.linkedin.com/in/felipe-de-morais","https://about.linkedin.com","3","True"
"url_327","https://www.linkedin.com/in/felipe-de-morais","https://www.linkedin.com/accessibility","3","True"
"url_328","https://www.linkedin.com/in/felipe-de-morais","https://www.linkedin.com/legal/copyright-policy","3","True"
"url_329","https://www.linkedin.com/in/felipe-de-morais","https://brand.linkedin.com/policies","3","True"
"url_330","https://www.linkedin.com/in/felipe-de-morais","https://www.linkedin.com/psettings/guest-controls","3","True"
"url_331","https://www.linkedin.com/in/felipe-de-morais","https://www.linkedin.com/legal/professional-community-policies","3","True"
"url_332","https://www.revsys.com","https://www.revsys.com/blog/feeds/latest","3","True"
"url_333","https://www.revsys.com","https://www.revsys.com/about","3","True"
"url_334","https://www.revsys.com","https://www.revsys.com/impact","3","True"
"url_335","https://www.revsys.com","https://www.revsys.com/products","3","True"
"url_336","https://www.revsys.com","https://www.revsys.com/tidbits","3","True"
"url_337","https://www.revsys.com","https://www.revsys.com/contact","3","True"
"url_338","https://www.revsys.com","https://www.revsys.com/services/postgresql/tuning","3","True"
"url_339","https://www.revsys.com","https://www.revsys.com/services/django","3","True"
"url_340","https://www.revsys.com","https://www.revsys.com/services/development","3","True"
"url_341","https://www.revsys.com","https://www.revsys.com/services/operations","3","True"
"url_342","https://www.revsys.com","https://www.revsys.com/services/sysadmin","3","True"
"url_343","https://www.revsys.com","https://www.revsys.com/services/django/development","3","True"
"url_344","https://www.revsys.com","https://www.revsys.com/services/python/code-review","3","True"
"url_345","https://www.revsys.com","https://www.revsys.com/services/support","3","True"
"url_346","https://www.revsys.com","https://www.revsys.com/django-upgrades","3","True"
"url_347","https://www.revsys.com","https://www.revsys.com/tidbits/django-deadlink-detection-linkchecker","3","True"
"url_348","https://www.revsys.com","https://www.revsys.com/tidbits/faster-python-docker-builds","3","True"
"url_349","https://www.revsys.com","https://www.revsys.com/services","3","True"
"url_350","https://www.revsys.com","https://www.revsys.com/tidbits/18-years-of-revsys","3","True"
"url_351","https://www.revsys.com","https://www.revsys.com/services/django/consulting","3","True"
"url_352","https://www.revsys.com","https://www.revsys.com/services/python","3","True"
"url_353","https://www.revsys.com","https://www.revsys.com/services/postgresql","3","True"
"url_354","https://www.revsys.com","https://www.revsys.com/teststart","3","True"
"url_355","https://www.revsys.com","https://www.revsys.com/about/press","3","True"
"url_356","https://www.revsys.com","https://www.revsys.com/writings/quicktips","3","True"
"url_357","https://www.revsys.com","https://www.revsys.com/talks","3","True"
"url_358","https://www.revsys.com","https://www.revsys.com/writings","3","True"
"url_359","https://www.revsys.com","https://www.revsys.com/testimonials","3","True"
"url_360","https://www.revsys.com","https://www.revsys.com/clients","3","True"
"url_361","https://www.revsys.com","https://www.facebook.com/revsysllc","3","True"
"url_362","https://www.revsys.com","https://twitter.com/revsys","3","True"
"url_363","https://www.jonafato.com","https://www.jonafato.com/2025/05/30/conference-scrapbooking","3","True"
"url_364","https://www.jonafato.com","https://www.jonafato.com/2025/03/20/conference-advice-from-non-conference-sources","3","True"
"url_365","https://www.jonafato.com","https://www.jonafato.com/2024/12/30/more-usable-devices-please","3","True"
"url_366","https://www.jonafato.com","https://explore.omsystem.com/c/en/ws-853","3","False"
"url_367","https://www.jonafato.com","https://www.jonafato.com/2024/12/20/stacking-chairs","3","True"
"url_368","https://www.jonafato.com","https://www.jonafato.com/2024/11/06/psf-and-dsf-membership-application-links","3","True"
"url_369","https://www.jonafato.com","https://www.jonafato.com/2024/10/31/psf-fellow-nominations-q4-due-date","3","True"
"url_370","https://www.jonafato.com","https://www.jonafato.com/about","3","True"
"url_371","https://www.jonafato.com","https://www.jonafato.com/2024/10/28/my-3d-printer-is-an-appliance","3","True"
"url_372","https://www.jonafato.com","https://www.jonafato.com/2024/10/15/video-store-nostalgia","3","True"
"url_373","https://www.jonafato.com","https://www.jonafato.com/2024/05/20/conference-organizing-isnt-a-trap","3","True"
"url_374","https://www.jonafato.com","https://www.jonafato.com/2023/06/08/pyvideo","3","True"
"url_375","https://www.jonafato.com","https://www.jonafato.com/2023/04/19/three-and-a-half-years-of-conference-chats","3","True"
"url_376","https://www.jonafato.com","https://www.jonafato.com/2021/12/18/in-person-next-year","3","True"
"url_377","https://www.jonafato.com","https://www.jonafato.com/2021/04/17/system-76-lemur-pro-review","3","True"
"url_378","https://www.jonafato.com","https://system76.com/laptops/lemur","3","True"
"url_379","https://www.jonafato.com","https://www.jonafato.com/2020/04/22/my-homelab","3","True"
"url_380","https://www.jonafato.com","https://www.jonafato.com/2020/04/04/sing-review-and-rewrite","3","True"
"url_381","https://www.jonafato.com","https://www.jonafato.com/2018/05/28/gdi-pyohio-2018","3","True"
"url_382","https://www.jonafato.com","https://www.jonafato.com/2018/05/22/tips-for-conference-sponsors","3","True"
"url_383","https://www.jonafato.com","https://www.jonafato.com/2018/05/16/yes-run-conferences","3","True"
"url_384","https://www.jonafato.com","https://twitter.com/chrisjrn/status/996609633832747008","3","True"
"url_385","https://www.jonafato.com","https://www.jonafato.com/2018/03/25/on-fighting-software-fires","3","True"
"url_386","https://www.jonafato.com","https://www.jonafato.com/2018/03/21/my-flake8-setup","3","True"
"url_387","https://www.jonafato.com","https://www.jonafato.com/2015/12/15/Rethinking-requirements-txt","3","True"
"url_388","https://www.jonafato.com","https://www.jonafato.com/2013/06/13/Getting-Started-With-App-Engine","3","True"
"url_389","https://www.jonafato.com","https://appengine.google.com","3","True"
"url_390","https://www.jonafato.com","https://www.jonafato.com/2013/04/30/Redundant-Billing-Fancy-Hands","3","True"
"url_391","https://www.jonafato.com","http://www.fancyhands.com/blog/redundant-billing-information-with-recurly-and-braintree","3","True"
"url_392","https://www.jonafato.com","http://www.fancyhands.com","3","True"
"url_393","https://www.jonafato.com","https://www.jonafato.com/talks","3","True"
"url_394","https://www.jonafato.com","https://www.jonafato.com/work-with-me","3","True"
"url_395","https://www.linkedin.com/in/tereza-iofciu","https://www.linkedin.com/services/l2/public-speaking-coaches","3","True"
"url_396","https://www.linkedin.com/in/tereza-iofciu","https://www.linkedin.com/services/l2/executive-coaches","3","True"
"url_397","https://www.linkedin.com/in/tereza-iofciu","https://www.linkedin.com/services/l2/strategic-planners","3","True"
"url_398","https://www.linkedin.com/in/tereza-iofciu","https://www.linkedin.com/services/l2/interview-coaches","3","True"
"url_399","https://www.linkedin.com/in/tereza-iofciu","https://www.linkedin.com/services/l2/diversity-and-inclusion-providers","3","True"
"url_400","https://www.linkedin.com/in/tereza-iofciu","https://www.linkedin.com/services/l2/leadership-development-coaches","3","True"
"url_401","https://www.linkedin.com/in/tereza-iofciu","https://www.linkedin.com/services/l2/career-coaches","3","True"
"url_402","https://www.linkedin.com/in/tereza-iofciu","https://www.linkedin.com/advice/3/how-can-you-protect-attendee-privacy-during","3","True"
"url_403","https://www.linkedin.com/in/tereza-iofciu","https://www.linkedin.com/posts/tereza-iofciu_most-career-advice-will-fail-because-theres-activity-7335975672080687104-wew_","3","True"
"url_404","https://www.linkedin.com/in/tereza-iofciu","https://www.linkedin.com/company/usf-corporate-training-and-professional-ed","3","True"
"url_405","https://www.linkedin.com/in/tereza-iofciu","https://www.credly.com/badges/05b6351e-b4f5-4088-96ba-f26d6e0585af/linked_in_profile","3","True"
"url_406","https://www.linkedin.com/in/tereza-iofciu","https://www.datacareer.eu","3","True"
"url_407","https://www.linkedin.com/in/tereza-iofciu","https://www.linkedin.com/company/thepsf","3","True"
"url_408","https://www.linkedin.com/in/tereza-iofciu","https://www.linkedin.com/company/numfocus","3","True"
"url_409","https://www.linkedin.com/in/tereza-iofciu","https://www.linkedin.com/learning/esg-and-buildings","3","True"
"url_410","https://www.linkedin.com/in/tereza-iofciu","https://www.linkedin.com/learning/environmental-social-and-governance-esg-fundamentals-for-financial-decision-making","3","True"
"url_411","https://www.linkedin.com/in/tereza-iofciu","https://www.linkedin.com/learning/esg-for-commercial-lenders","3","True"
"url_412","https://www.linkedin.com/in/veldakiara","https://www.linkedin.com/posts/samuel-yusuf-912415273_from-ibadan-to-the-world-a-young-man-chasing-activity-7332015867523764224-XxIT","3","True"
"url_413","https://www.linkedin.com/in/veldakiara","https://www.linkedin.com/posts/kjaymiller_workshop-what-implementationflavor-of-activity-7333994638204166146-sIEG","3","True"
"url_414","https://www.linkedin.com/in/veldakiara","https://kodekloud.com/certificate-verification/2D16A9475692-2EDC906A1914-2D16A3144644","3","False"
"url_415","https://www.linkedin.com/in/veldakiara","https://kodekloud.com/certificate-verification/2D16A9475692-2D16A341E46A-2D16A3144644","3","False"
"url_416","https://www.linkedin.com/in/veldakiara","https://kodekloud.com/certificate-verification/2D16A9475692-2EDF14335E7C-2D16A3144644","3","False"
"url_417","https://www.linkedin.com/in/veldakiara","https://www.coursera.org/account/accomplishments/certificate/EFRV7CK6CSX3","3","True"
"url_418","https://www.linkedin.com/in/veldakiara","https://www.coursera.org/account/accomplishments/certificate/3SHFYDU7GCLL","3","True"
"url_419","https://www.linkedin.com/in/veldakiara","https://www.coursera.org/account/accomplishments/certificate/H37RZJDWTSWN","3","True"
"url_420","https://www.linkedin.com/in/veldakiara","https://www.linkedin.com/showcase/googledevelopers","3","True"
"url_421","https://www.linkedin.com/in/veldakiara","https://dsc-certify.web.app/certificate/3C429AE695AE","3","False"
"url_422","https://www.linkedin.com/in/veldakiara","https://dsc-certify.web.app/leads/3C429AE695AEE55","3","False"
"url_423","https://www.linkedin.com/in/veldakiara","https://www.linkedin.com/company/django-events-foundation-north-america","3","True"
"url_424","https://www.linkedin.com/in/veldakiara","https://www.linkedin.com/company/black-python-devs","3","True"
"url_425","https://www.linkedin.com/in/veldakiara","https://www.linkedin.com/company/womentechmakers","3","True"
"url_426","https://www.linkedin.com/in/veldakiara","https://www.linkedin.com/company/twitter","3","True"
"url_427","https://www.linkedin.com/in/veldakiara","https://www.linkedin.com/school/free-code-camp","3","True"
"url_428","https://www.linkedin.com/in/veldakiara","https://www.linkedin.com/company/anitab-org","3","True"
"url_429","https://www.linkedin.com/in/veldakiara","https://www.linkedin.com/company/google","3","True"
"url_430","https://www.linkedin.com/in/veldakiara","https://www.linkedin.com/in/greennatasha","3","True"
"url_431","https://www.linkedin.com/in/veldakiara","https://www.linkedin.com/posts/eric-mwenda-capital-724a93256_activity-7334838102764453888-Y00i","3","True"
"url_432","https://www.linkedin.com/in/veldakiara","https://www.linkedin.com/posts/akosuaba_theboldjourney-activity-7334617332117360641-r2j4","3","True"
"url_433","https://www.linkedin.com/in/veldakiara","https://www.linkedin.com/posts/frankwiles_i-think-my-wife-and-son-need-to-work-as-pokemon-activity-7334245463375708161-wZvB","3","True"
"url_434","https://www.linkedin.com/in/veldakiara","https://www.linkedin.com/learning/cloud-based-ai-solution-design-patterns","3","True"
"url_435","https://www.linkedin.com/in/veldakiara","https://www.linkedin.com/learning/deploying-your-aws-application-to-the-cloud-with-docker","3","True"
"url_436","https://www.linkedin.com/in/veldakiara","https://www.linkedin.com/learning/microsoft-azure-devops-engineer-expert-az-400-cert-prep-5-design-and-implement-continuous-delivery-by-microsof","3","True"
"url_437","https://www.djangoproject.com","https://www.djangoproject.com/foundation/donate","3","True"
"url_438","https://www.djangoproject.com","https://www.djangoproject.com/contact/foundation","3","True"
"url_439","https://www.djangoproject.com","https://www.djangoproject.com/foundation/corporate-membership","3","True"
"url_440","https://dashboard.djangoproject.com","https://dashboard.djangoproject.com/metric/new-tickets-today","3","True"
"url_441","https://dashboard.djangoproject.com","https://dashboard.djangoproject.com/metric/commits-today","3","True"
"url_442","https://dashboard.djangoproject.com","https://dashboard.djangoproject.com/metric/new-tickets-week","3","True"
"url_443","https://dashboard.djangoproject.com","https://dashboard.djangoproject.com/metric/commits-week","3","True"
"url_444","https://dashboard.djangoproject.com","https://dashboard.djangoproject.com/metric/blockers","3","True"
"url_445","https://dashboard.djangoproject.com","https://dashboard.djangoproject.com/metric/easy-tickets","3","True"
"url_446","https://dashboard.djangoproject.com","https://dashboard.djangoproject.com/metric/open-pull-requests","3","True"
"url_447","https://dashboard.djangoproject.com","https://dashboard.djangoproject.com/metric/patches","3","True"
"url_448","https://dashboard.djangoproject.com","https://dashboard.djangoproject.com/metric/doc-patches","3","True"
"url_449","https://dashboard.djangoproject.com","https://dashboard.djangoproject.com/metric/unreviewed","3","True"
"url_450","https://dashboard.djangoproject.com","https://dashboard.djangoproject.com/metric/accepted","3","True"
"url_451","https://dashboard.djangoproject.com","https://dashboard.djangoproject.com/metric/maybe","3","True"
"url_452","https://dashboard.djangoproject.com","https://dashboard.djangoproject.com/metric/rfc","3","True"
"url_453","https://dashboard.djangoproject.com","https://dashboard.djangoproject.com/metric/bugs","3","True"
"url_454","https://dashboard.djangoproject.com","https://dashboard.djangoproject.com/metric/features","3","True"
"url_455","https://dashboard.djangoproject.com","https://dashboard.djangoproject.com/metric/cleanups","3","True"
"url_456","https://dashboard.djangoproject.com","https://dashboard.djangoproject.com/metric/uncategorized","3","True"
"url_457","https://dashboard.djangoproject.com","https://dashboard.djangoproject.com/foundation/corporate-membership","3","False"
"url_458","https://dashboard.djangoproject.com","https://dashboard.djangoproject.com/foundation/donate","3","False"
"url_459","https://www.threespot.com","https://www.googletagmanager.com","3","False"
"url_460","https://www.threespot.com","https://www.google-analytics.com","3","True"
"url_461","https://www.threespot.com","https://www.threespot.com/wp-content/uploads/fbrfg/site.webmanifest","3","True"
"url_462","https://www.threespot.com","https://www.threespot.com/our-work","3","True"
"url_463","https://www.threespot.com","https://www.threespot.com/about-us","3","True"
"url_464","https://www.threespot.com","https://www.threespot.com/services","3","True"
"url_465","https://www.threespot.com","https://www.threespot.com/on-the-record","3","True"
"url_466","https://www.threespot.com","https://www.threespot.com/contact-us","3","True"
"url_467","https://www.threespot.com","https://www.threespot.com/case-study/malala-fund-girls-education-report-microsite","3","True"
"url_468","https://www.threespot.com","https://www.threespot.com/case-study/1619-project","3","True"
"url_469","https://www.threespot.com","https://www.threespot.com/case-study/national-network-of-abortion-funds","3","True"
"url_470","https://www.threespot.com","https://www.threespot.com/case-study/national-museum-of-american-diplomacy","3","True"
"url_471","https://www.threespot.com","https://www.threespot.com/on-the-record/posts/accessibility-from-awareness-to-action","3","True"
"url_472","https://www.threespot.com","https://www.threespot.com/people/mat-brady","3","True"
"url_473","https://www.threespot.com","https://www.threespot.com/on-the-record/posts","3","True"
"url_474","https://www.threespot.com","https://www.threespot.com/on-the-record/posts/images-ideas-and-ai","3","True"
"url_475","https://www.threespot.com","https://www.threespot.com/on-the-record/posts/meeting-the-next-generation","3","True"
"url_476","https://www.threespot.com","https://www.threespot.com/people/megan-lewin-smith","3","True"
"url_477","https://www.threespot.com","https://www.threespot.com/on-the-record/posts/25-years-and-still-going-strong","3","True"
"url_478","https://www.threespot.com","https://www.threespot.com/people/liz-ott","3","True"
"url_479","https://www.threespot.com","https://www.threespot.com/careers","3","True"
"url_480","https://www.threespot.com","https://www.instagram.com/threespot","3","True"
"url_481","https://www.threespot.com","https://www.facebook.com/threespot","3","True"
"url_482","https://www.threespot.com","https://www.linkedin.com/company/threespot","3","True"
"url_483","https://xon.sh/contents.html","https://xon.sh/genindex.html","3","True"
"url_484","https://xon.sh/contents.html","https://xon.sh/search.html","3","True"
"url_485","https://xon.sh/contents.html","https://xon.sh/containers.html","3","True"
"url_486","https://xon.sh/contents.html","https://xon.sh/tutorial_hist.html","3","True"
"url_487","https://xon.sh/contents.html","https://xon.sh/tutorial_macros.html","3","True"
"url_488","https://xon.sh/contents.html","https://xon.sh/tutorial_xonsh_projects.html","3","True"
"url_489","https://xon.sh/contents.html","https://xon.sh/tutorial_events.html","3","True"
"url_490","https://xon.sh/contents.html","https://xon.sh/tutorial_completers.html","3","True"
"url_491","https://xon.sh/contents.html","https://xon.sh/tutorial_history_backend.html","3","True"
"url_492","https://xon.sh/contents.html","https://xon.sh/tutorial_subproc_strings.html","3","True"
"url_493","https://xon.sh/contents.html","https://xon.sh/tutorial_ptk.html","3","True"
"url_494","https://xon.sh/contents.html","https://xon.sh/bash_to_xsh.html","3","True"
"url_495","https://xon.sh/contents.html","https://xon.sh/editors.html","3","True"
"url_496","https://xon.sh/contents.html","https://xon.sh/subproc_types.html","3","True"
"url_497","https://xon.sh/contents.html","https://xon.sh/python_virtual_environments.html","3","True"
"url_498","https://xon.sh/contents.html","https://xon.sh/keyboard_shortcuts.html","3","True"
"url_499","https://xon.sh/contents.html","https://xon.sh/xonshrc.html","3","True"
"url_500","https://xon.sh/contents.html","https://xon.sh/customization.html","3","True"
"url_501","https://xon.sh/contents.html","https://xon.sh/envvars.html","3","True"
"url_502","https://xon.sh/contents.html","https://xon.sh/aliases.html","3","True"
"url_503","https://xon.sh/contents.html","https://xon.sh/events.html","3","True"
"url_504","https://xon.sh/contents.html","https://xon.sh/platform-issues.html","3","True"
"url_505","https://xon.sh/contents.html","https://xon.sh/api/index.html","3","True"
"url_506","https://xon.sh/contents.html","https://xon.sh/api/_autosummary/lang/xonsh.parsers.lexer.html","3","True"
"url_507","https://xon.sh/contents.html","https://xon.sh/api/_autosummary/lang/xonsh.parser.html","3","True"
"url_508","https://xon.sh/contents.html","https://xon.sh/api/_autosummary/lang/xonsh.parsers.ast.html","3","True"
"url_509","https://xon.sh/contents.html","https://xon.sh/api/_autosummary/lang/xonsh.execer.html","3","True"
"url_510","https://xon.sh/contents.html","https://xon.sh/api/_autosummary/lang/xonsh.imphooks.html","3","True"
"url_511","https://xon.sh/contents.html","https://xon.sh/api/_autosummary/cmd/xonsh.built_ins.html","3","True"
"url_512","https://xon.sh/contents.html","https://xon.sh/api/_autosummary/cmd/xonsh.environ.html","3","True"
"url_513","https://xon.sh/contents.html","https://xon.sh/api/_autosummary/cmd/xonsh.aliases.html","3","True"
"url_514","https://xon.sh/contents.html","https://xon.sh/api/_autosummary/cmd/xonsh.dirstack.html","3","True"
"url_515","https://xon.sh/contents.html","https://xon.sh/api/_autosummary/cmd/xonsh.procs.html","3","True"
"url_516","https://xon.sh/contents.html","https://xon.sh/api/_autosummary/cmd/xonsh.procs.executables.html","3","True"
"url_517","https://xon.sh/contents.html","https://xon.sh/api/_autosummary/cmd/xonsh.procs.jobs.html","3","True"
"url_518","https://xon.sh/contents.html","https://xon.sh/api/_autosummary/cmd/xonsh.procs.pipelines.html","3","True"
"url_519","https://xon.sh/contents.html","https://xon.sh/api/_autosummary/cmd/xonsh.procs.posix.html","3","True"
"url_520","https://xon.sh/contents.html","https://xon.sh/api/_autosummary/cmd/xonsh.procs.proxies.html","3","True"
"url_521","https://xon.sh/contents.html","https://xon.sh/api/_autosummary/cmd/xonsh.procs.readers.html","3","True"
"url_522","https://xon.sh/contents.html","https://xon.sh/api/_autosummary/cmd/xonsh.procs.specs.html","3","True"
"url_523","https://xon.sh/contents.html","https://xon.sh/api/_autosummary/cmd/xonsh.lib.inspectors.html","3","True"
"url_524","https://xon.sh/contents.html","https://xon.sh/api/_autosummary/cmd/xonsh.history.html","3","True"
"url_525","https://xon.sh/contents.html","https://xon.sh/api/_autosummary/cmd/xonsh.history.base.html","3","True"
"url_526","https://xon.sh/contents.html","https://xon.sh/api/_autosummary/cmd/xonsh.history.diff_history.html","3","True"
"url_527","https://xon.sh/contents.html","https://xon.sh/api/_autosummary/cmd/xonsh.history.dummy.html","3","True"
"url_528","https://xon.sh/contents.html","https://xon.sh/api/_autosummary/cmd/xonsh.history.json.html","3","True"
"url_529","https://xon.sh/contents.html","https://xon.sh/api/_autosummary/cmd/xonsh.history.main.html","3","True"
"url_530","https://xon.sh/contents.html","https://xon.sh/api/_autosummary/cmd/xonsh.history.sqlite.html","3","True"
"url_531","https://xon.sh/contents.html","https://xon.sh/api/_autosummary/cmd/xonsh.completer.html","3","True"
"url_532","https://xon.sh/contents.html","https://xon.sh/api/_autosummary/cmd/xonsh.completers.html","3","True"
"url_533","https://xon.sh/contents.html","https://xon.sh/api/_autosummary/cmd/xonsh.completers.base.html","3","True"
"url_534","https://xon.sh/contents.html","https://xon.sh/api/_autosummary/cmd/xonsh.completers.bash.html","3","True"
"url_535","https://xon.sh/contents.html","https://xon.sh/api/_autosummary/cmd/xonsh.completers.bash_completion.html","3","True"
"url_536","https://xon.sh/contents.html","https://xon.sh/api/_autosummary/cmd/xonsh.completers.commands.html","3","True"
"url_537","https://xon.sh/contents.html","https://xon.sh/api/_autosummary/cmd/xonsh.completers.completer.html","3","True"
"url_538","https://xon.sh/contents.html","https://xon.sh/api/_autosummary/cmd/xonsh.completers.dirs.html","3","True"
"url_539","https://xon.sh/contents.html","https://xon.sh/api/_autosummary/cmd/xonsh.completers.environment.html","3","True"
"url_540","https://xon.sh/contents.html","https://xon.sh/api/_autosummary/cmd/xonsh.completers.imports.html","3","True"
"url_541","https://xon.sh/contents.html","https://xon.sh/api/_autosummary/cmd/xonsh.completers.init.html","3","True"
"url_542","https://xon.sh/contents.html","https://xon.sh/api/_autosummary/cmd/xonsh.completers.man.html","3","True"
"url_543","https://xon.sh/contents.html","https://xon.sh/api/_autosummary/cmd/xonsh.completers.path.html","3","True"
"url_544","https://xon.sh/contents.html","https://xon.sh/api/_autosummary/cmd/xonsh.completers.python.html","3","True"
"url_545","https://xon.sh/contents.html","https://xon.sh/api/_autosummary/cmd/xonsh.completers.tools.html","3","True"
"url_546","https://xon.sh/contents.html","https://xon.sh/api/_autosummary/cmd/xonsh.prompt.html","3","True"
"url_547","https://xon.sh/contents.html","https://xon.sh/api/_autosummary/cmd/xonsh.prompt.base.html","3","True"
"url_548","https://xon.sh/contents.html","https://xon.sh/api/_autosummary/cmd/xonsh.prompt.cwd.html","3","True"
"url_549","https://xon.sh/contents.html","https://xon.sh/api/_autosummary/cmd/xonsh.prompt.env.html","3","True"
"url_550","https://xon.sh/contents.html","https://xon.sh/api/_autosummary/cmd/xonsh.prompt.gitstatus.html","3","True"
"url_551","https://xon.sh/contents.html","https://xon.sh/api/_autosummary/cmd/xonsh.prompt.job.html","3","True"
"url_552","https://xon.sh/contents.html","https://xon.sh/api/_autosummary/cmd/xonsh.prompt.times.html","3","True"
"url_553","https://xon.sh/contents.html","https://xon.sh/api/_autosummary/cmd/xonsh.prompt.vc.html","3","True"
"url_554","https://xon.sh/contents.html","https://xon.sh/api/_autosummary/cmd/xonsh.shells.html","3","True"
"url_555","https://xon.sh/contents.html","https://xon.sh/api/_autosummary/cmd/xonsh.shells.base_shell.html","3","True"
"url_556","https://xon.sh/contents.html","https://xon.sh/api/_autosummary/cmd/xonsh.shells.dumb_shell.html","3","True"
"url_557","https://xon.sh/contents.html","https://xon.sh/api/_autosummary/cmd/xonsh.shells.ptk_shell.html","3","True"
"url_558","https://xon.sh/contents.html","https://xon.sh/api/_autosummary/cmd/xonsh.shells.ptk_shell.completer.html","3","True"
"url_559","https://xon.sh/contents.html","https://xon.sh/api/_autosummary/cmd/xonsh.shells.ptk_shell.formatter.html","3","True"
"url_560","https://xon.sh/contents.html","https://xon.sh/api/_autosummary/cmd/xonsh.shells.ptk_shell.history.html","3","True"
"url_561","https://xon.sh/contents.html","https://xon.sh/api/_autosummary/cmd/xonsh.shells.ptk_shell.key_bindings.html","3","True"
"url_562","https://xon.sh/contents.html","https://xon.sh/api/_autosummary/cmd/xonsh.shells.ptk_shell.updator.html","3","True"
"url_563","https://xon.sh/contents.html","https://xon.sh/api/_autosummary/cmd/xonsh.shells.readline_shell.html","3","True"
"url_564","https://xon.sh/contents.html","https://xon.sh/api/_autosummary/cmd/xonsh.lib.pretty.html","3","True"
"url_565","https://xon.sh/contents.html","https://xon.sh/api/_autosummary/cmd/xonsh.xoreutils.html","3","True"
"url_566","https://xon.sh/contents.html","https://xon.sh/api/_autosummary/cmd/xonsh.xoreutils.cat.html","3","True"
"url_567","https://xon.sh/contents.html","https://xon.sh/api/_autosummary/cmd/xonsh.xoreutils.echo.html","3","True"
"url_568","https://xon.sh/contents.html","https://xon.sh/api/_autosummary/cmd/xonsh.xoreutils.pwd.html","3","True"
"url_569","https://xon.sh/contents.html","https://xon.sh/api/_autosummary/cmd/xonsh.xoreutils.tee.html","3","True"
"url_570","https://xon.sh/contents.html","https://xon.sh/api/_autosummary/cmd/xonsh.xoreutils.tty.html","3","True"
"url_571","https://xon.sh/contents.html","https://xon.sh/api/_autosummary/cmd/xonsh.xoreutils.ulimit.html","3","True"
"url_572","https://xon.sh/contents.html","https://xon.sh/api/_autosummary/cmd/xonsh.xoreutils.umask.html","3","True"
"url_573","https://xon.sh/contents.html","https://xon.sh/api/_autosummary/cmd/xonsh.xoreutils.uname.html","3","True"
"url_574","https://xon.sh/contents.html","https://xon.sh/api/_autosummary/cmd/xonsh.xoreutils.uptime.html","3","True"
"url_575","https://xon.sh/contents.html","https://xon.sh/api/_autosummary/cmd/xonsh.xoreutils.util.html","3","True"
"url_576","https://xon.sh/contents.html","https://xon.sh/api/_autosummary/cmd/xonsh.xoreutils.which.html","3","True"
"url_577","https://xon.sh/contents.html","https://xon.sh/api/_autosummary/cmd/xonsh.xoreutils.yes.html","3","True"
"url_578","https://xon.sh/contents.html","https://xon.sh/api/_autosummary/helpers/xonsh.events.html","3","True"
"url_579","https://xon.sh/contents.html","https://xon.sh/api/_autosummary/helpers/xonsh.lib.html","3","True"
"url_580","https://xon.sh/contents.html","https://xon.sh/api/_autosummary/helpers/xonsh.lib.collections.html","3","True"
"url_581","https://xon.sh/contents.html","https://xon.sh/api/_autosummary/helpers/xonsh.lib.inspectors.html","3","True"
"url_582","https://xon.sh/contents.html","https://xon.sh/api/_autosummary/helpers/xonsh.lib.itertools.html","3","True"
"url_583","https://xon.sh/contents.html","https://xon.sh/api/_autosummary/helpers/xonsh.lib.jsonutils.html","3","True"
"url_584","https://xon.sh/contents.html","https://xon.sh/api/_autosummary/helpers/xonsh.lib.lazyasd.html","3","True"
"url_585","https://xon.sh/contents.html","https://xon.sh/api/_autosummary/helpers/xonsh.lib.lazyimps.html","3","True"
"url_586","https://xon.sh/contents.html","https://xon.sh/api/_autosummary/helpers/xonsh.lib.lazyjson.html","3","True"
"url_587","https://xon.sh/contents.html","https://xon.sh/api/_autosummary/helpers/xonsh.lib.modules.html","3","True"
"url_588","https://xon.sh/contents.html","https://xon.sh/api/_autosummary/helpers/xonsh.lib.openpy.html","3","True"
"url_589","https://xon.sh/contents.html","https://xon.sh/api/_autosummary/helpers/xonsh.lib.os.html","3","True"
"url_590","https://xon.sh/contents.html","https://xon.sh/api/_autosummary/helpers/xonsh.lib.pretty.html","3","True"
"url_591","https://xon.sh/contents.html","https://xon.sh/api/_autosummary/helpers/xonsh.lib.subprocess.html","3","True"
"url_592","https://xon.sh/contents.html","https://xon.sh/api/_autosummary/helpers/xonsh.tools.html","3","True"
"url_593","https://xon.sh/contents.html","https://xon.sh/api/_autosummary/helpers/xonsh.platform.html","3","True"
"url_594","https://xon.sh/contents.html","https://xon.sh/api/_autosummary/helpers/xonsh.lazyjson.html","3","True"
"url_595","https://xon.sh/contents.html","https://xon.sh/api/_autosummary/helpers/xonsh.lazyasd.html","3","True"
"url_596","https://xon.sh/contents.html","https://xon.sh/api/_autosummary/helpers/xonsh.foreign_shells.html","3","True"
"url_597","https://xon.sh/contents.html","https://xon.sh/api/_autosummary/helpers/xonsh.commands_cache.html","3","True"
"url_598","https://xon.sh/contents.html","https://xon.sh/api/_autosummary/helpers/xonsh.tracer.html","3","True"
"url_599","https://xon.sh/contents.html","https://xon.sh/api/_autosummary/helpers/xonsh.main.html","3","True"
"url_600","https://xon.sh/contents.html","https://xon.sh/api/_autosummary/helpers/xonsh.color_tools.html","3","True"
"url_601","https://xon.sh/contents.html","https://xon.sh/api/_autosummary/helpers/xonsh.pyghooks.html","3","True"
"url_602","https://xon.sh/contents.html","https://xon.sh/api/_autosummary/helpers/xonsh.shells.dumb_shell.html","3","True"
"url_603","https://xon.sh/contents.html","https://xon.sh/api/_autosummary/helpers/xonsh.wizard.html","3","True"
"url_604","https://xon.sh/contents.html","https://xon.sh/api/_autosummary/helpers/xonsh.xonfig.html","3","True"
"url_605","https://xon.sh/contents.html","https://xon.sh/api/_autosummary/helpers/xonsh.xontribs.html","3","True"
"url_606","https://xon.sh/contents.html","https://xon.sh/api/_autosummary/helpers/xonsh.codecache.html","3","True"
"url_607","https://xon.sh/contents.html","https://xon.sh/api/_autosummary/helpers/xonsh.contexts.html","3","True"
"url_608","https://xon.sh/contents.html","https://xon.sh/api/_autosummary/xontribs/xontrib.html","3","True"
"url_609","https://xon.sh/contents.html","https://xon.sh/api/_autosummary/xontribs/xontrib.coreutils.html","3","True"
"url_610","https://xon.sh/contents.html","https://xon.sh/advanced_events.html","3","True"
"url_611","https://xon.sh/contents.html","https://xon.sh/changelog.html","3","True"
"url_612","https://xon.sh/contents.html","https://xon.sh/faq.html","3","True"
"url_613","https://xon.sh/contents.html","https://xon.sh/todo.html","3","True"
"url_614","https://xon.sh/contents.html","https://numpy.org/neps/nep-0029-deprecation_policy.html","3","False"
"url_615","https://xon.sh/contents.html","https://xon.sh/talks_and_articles.html","3","True"
"url_616","https://xon.sh/contents.html","https://xon.sh/py-modindex.html","3","True"
"url_617","https://xon.sh/contents.html","https://pradyunsg.me","3","True"
"url_618","https://xon.sh/tutorial.html","http://xon.sh","3","True"
"url_619","https://xon.sh/packages.html","https://xon.sh/xonshrc.rst","3","False"
"url_620","https://en.wikipedia.org/wiki/Rolling_release","https://en.wikipedia.org/w/rest.php/v1/search","3","False"
"url_621","https://en.wikipedia.org/wiki/Rolling_release","https://creativecommons.org/licenses/by-sa/4.0/deed.en","3","True"
"url_622","https://en.wikipedia.org/wiki/Rolling_release","https://en.wikipedia.org/wiki/Main_Page","3","True"
"url_623","https://en.wikipedia.org/wiki/Rolling_release","https://ca.wikipedia.org/wiki/Alliberament_continu","3","True"
"url_624","https://en.wikipedia.org/wiki/Rolling_release","https://de.wikipedia.org/wiki/Rolling_Release","3","True"
"url_625","https://en.wikipedia.org/wiki/Rolling_release","https://fr.wikipedia.org/wiki/Rolling_release","3","True"
"url_626","https://en.wikipedia.org/wiki/Rolling_release","https://id.wikipedia.org/wiki/Rilis_bergulir","3","True"
"url_627","https://en.wikipedia.org/wiki/Rolling_release","https://it.wikipedia.org/wiki/Rolling_release","3","True"
"url_628","https://en.wikipedia.org/wiki/Rolling_release","https://nl.wikipedia.org/wiki/Rolling_release","3","True"
"url_629","https://en.wikipedia.org/wiki/Rolling_release","https://no.wikipedia.org/wiki/Rullende_utgivelse","3","False"
"url_630","https://en.wikipedia.org/wiki/Rolling_release","https://pl.wikipedia.org/wiki/Rolling_release","3","True"
"url_631","https://en.wikipedia.org/wiki/Rolling_release","https://pt.wikipedia.org/wiki/Rolling_release","3","True"
"url_632","https://en.wikipedia.org/wiki/Rolling_release","https://ro.wikipedia.org/wiki/Rolling_release","3","True"
"url_633","https://en.wikipedia.org/wiki/Rolling_release","https://fi.wikipedia.org/wiki/Rolling_release","3","True"
"url_634","https://en.wikipedia.org/wiki/Rolling_release","https://uk.wikipedia.org/wiki/Rolling_release","3","False"
"url_635","https://en.wikipedia.org/wiki/Rolling_release","https://en.wikipedia.org/wiki/Continuous_delivery","3","True"
"url_636","https://en.wikipedia.org/wiki/Rolling_release","https://en.wikipedia.org/wiki/Software_development","3","True"
"url_637","https://en.wikipedia.org/wiki/Rolling_release","https://en.wikipedia.org/wiki/Point_release","3","True"
"url_638","https://en.wikipedia.org/wiki/Rolling_release","https://en.wikipedia.org/wiki/Software_versioning","3","True"
"url_639","https://en.wikipedia.org/wiki/Rolling_release","https://en.wikipedia.org/wiki/Arch_Linux","3","True"
"url_640","https://en.wikipedia.org/wiki/Rolling_release","https://en.wikipedia.org/wiki/Ubuntu","3","True"
"url_641","https://en.wikipedia.org/wiki/Rolling_release","https://en.wikipedia.org/wiki/Software_release_life_cycle","3","True"
"url_642","https://en.wikipedia.org/wiki/Rolling_release","https://en.wikipedia.org/wiki/Linux_distribution","3","True"
"url_643","https://en.wikipedia.org/wiki/Rolling_release","https://en.wikipedia.org/wiki/GNU_Guix_System","3","False"
"url_644","https://en.wikipedia.org/wiki/Rolling_release","https://en.wikipedia.org/wiki/Gentoo_Linux","3","True"
"url_645","https://en.wikipedia.org/wiki/Rolling_release","https://en.wikipedia.org/wiki/Nobara_Linux","3","True"
"url_646","https://en.wikipedia.org/wiki/Rolling_release","https://en.wikipedia.org/wiki/OpenSUSE","3","True"
"url_647","https://en.wikipedia.org/wiki/Rolling_release","https://en.wikipedia.org/wiki/PCLinuxOS","3","True"
"url_648","https://en.wikipedia.org/wiki/Rolling_release","https://en.wikipedia.org/wiki/SparkyLinux","3","True"
"url_649","https://en.wikipedia.org/wiki/Rolling_release","https://en.wikipedia.org/wiki/Void_Linux","3","True"
"url_650","https://en.wikipedia.org/wiki/Rolling_release","https://en.wikipedia.org/wiki/Distributed_SQL","3","True"
"url_651","https://en.wikipedia.org/wiki/Rolling_release","https://en.wikipedia.org/wiki/YugabyteDB","3","True"
"url_652","https://en.wikipedia.org/wiki/Rolling_release","https://en.wikipedia.org/wiki/Source-code","3","True"
"url_653","https://en.wikipedia.org/wiki/Rolling_release","https://en.wikipedia.org/wiki/Software_update","3","True"
"url_654","https://en.wikipedia.org/wiki/Rolling_release","https://en.wikipedia.org/wiki/Package_management_system","3","True"
"url_655","https://en.wikipedia.org/wiki/Rolling_release","https://en.wikipedia.org/wiki/Personal_computer","3","True"
"url_656","https://en.wikipedia.org/wiki/Rolling_release","https://en.wikipedia.org/wiki/Internet","3","True"
"url_657","https://en.wikipedia.org/wiki/Rolling_release","https://en.wikipedia.org/wiki/Software_repository","3","True"
"url_658","https://en.wikipedia.org/wiki/Rolling_release","https://en.wikipedia.org/wiki/Web_mirror","3","False"
"url_659","https://en.wikipedia.org/wiki/Rolling_release","https://en.wikipedia.org/wiki/File_server","3","True"
"url_660","https://en.wikipedia.org/wiki/Rolling_release","https://www.wisegeek.com/what-is-a-rolling-release.htm","3","True"
"url_661","https://en.wikipedia.org/wiki/Rolling_release","https://www.zdnet.com/article/rolling-release-vs-fixed-release-linux","3","True"
"url_662","https://en.wikipedia.org/wiki/Rolling_release","https://en.wikipedia.org/wiki/ZDNet","3","True"
"url_663","https://en.wikipedia.org/wiki/Rolling_release","https://support.google.com/googleplay/android-developer/answer/6346149","3","True"
"url_664","https://en.wikipedia.org/wiki/Rolling_release","https://learn.microsoft.com/en-us/entra/identity/hybrid/connect/how-to-connect-staged-rollout","3","True"
"url_665","https://en.wikipedia.org/wiki/Rolling_release","https://en.wikipedia.org/wiki/Microsoft","3","False"
"url_666","http://www.oftc.net","https://www.oftc.net","3","True"
"url_667","https://xon.sh/tutorial_xontrib.html","https://xonsh.github.io/awesome-xontribs","3","True"
"url_668","https://xon.sh/tutorial_xontrib.html","https://ipython.readthedocs.io/en/stable/config/extensions/index.html","3","True"
"url_669","https://xon.sh/tutorial_xontrib.html","http://ohmyz.sh","3","True"
"url_670","https://xon.sh/tutorial_xontrib.html","https://www.python.org/dev/peps/pep-0420","3","True"
"url_671","https://xon.sh/devguide.html","https://www.python.org/dev/peps/pep-0008","3","True"
"url_672","https://xon.sh/devguide.html","https://pre-commit.com","3","True"
"url_673","https://xon.sh/devguide.html","https://www.sphinx-doc.org/en/master/usage/extensions/autosummary.html","3","True"
"url_674","https://xon.sh/devguide.html","https://pradyunsg.me/furo","3","True"
"url_675","https://xon.sh/devguide.html","https://xon.sh/dev","3","True"
"url_676","https://xon.sh/devguide.html","https://www.docker.com","3","True"
"url_677","https://xon.sh/devguide.html","https://mxschmitt.github.io/action-tmate","3","True"
